date,mean(¡ÆC),prep(mm),humidity(%),whole_price,retail_price
20160101,1.2,0,73,26000,4125
20160102,5.7,0,76.9,26000,4125
20160103,6.5,0,80.6,26000,4125
20160104,2,0,54.4,26000,4125
20160105,-2.7,0,39.4,26000,4188
20160106,-1.7,0,54.3,28000,4269
20160107,-3.4,0,51.8,25000,4300
20160108,-3.3,0,49.8,24000,4300
20160109,-2.1,0,57.1,24000,4300
20160110,0.3,0,42.3,25000,4435
20160111,-3.8,0,38.3,25000,4435
20160112,-5.2,0,46,25000,4466
20160113,-4.5,0.4,63,27000,4466
20160114,-3.4,0,52.1,25000,4591
20160115,-0.4,0,52.3,26000,4633
20160116,-0.2,0.1,68,26000,4633
20160117,1.7,0,64,27000,4633
20160118,-6.3,0.2,59.8,27000,4633
20160119,-12.8,0,45.9,27000,4501
20160120,-10.5,0,43.6,29000,4501
20160121,-7.1,0,44.3,28000,4301
20160122,-7.6,0,40.5,30000,4323
20160123,-11.5,0,42,30000,4323
20160124,-14.4,0,48.5,32000,4641
20160125,-9.4,0,47.1,32000,4641
20160126,-3.3,0.3,64.5,34000,4641
20160127,-1.1,0,56.3,35000,4735
20160128,-0.5,0,51.5,33000,5404
20160129,1.9,0,43.6,35000,5404
20160130,0.6,0,59.5,35000,5404
20160131,-3.9,0,34,36000,5404
20160201,-6,0,36,36000,5404
20160202,-5.3,0,41.8,36000,5404
20160203,-2.4,0,49.6,36000,5404
20160204,-0.7,0,50.1,37000,5816
20160205,-2.2,0,39.4,37000,5816
20160206,-3.1,0,38.6,37000,5816
20160207,-2.9,0,46.5,37000,5816
20160208,1.3,0,62.1,35000,5816
20160209,0.3,0,52.5,35000,5566
20160210,2.7,0,38.5,35000,5566
20160211,8.1,0.1,29.3,35000,5566
20160212,8.4,18,95.3,33000,5566
20160213,11,21,95,33000,5566
20160214,-2.6,2.5,73.1,34000,5566
20160215,-5.8,0,48.4,34000,5566
20160216,-2.7,0.8,65.6,33000,5566
20160217,0,0,53.9,33000,5670
20160218,3.5,0,66.4,33000,5639
20160219,2.3,0,56.4,32000,5733
20160220,1.3,0,37.1,32000,5733
20160221,-0.6,0,36.4,30000,5733
20160222,1.1,0,36.6,30000,5733
20160223,0.7,0.9,56,30000,5733
20160224,-3,0,42,30000,5754
20160225,-0.2,0,49.9,30000,5254
20160226,2.2,0,41.3,30000,5254
20160227,3.3,0.2,57.6,30000,5254
20160228,0.7,4.1,65.5,30000,5254
20160229,-3.8,0,48.6,30000,5191
20160301,-2.7,0,47.3,33000,5191
20160302,3.1,0,67.9,33000,5191
20160303,8.1,0,65.1,35000,5079
20160304,13.2,0.1,55.3,35000,5141
20160305,11.3,40,91.3,35000,5141
20160306,7.9,0.2,51,37000,5204
20160307,8.1,0,36.9,37000,5204
20160308,2.7,0,40.4,37000,5204
20160309,0.3,0,37.5,40000,5204
20160310,-1.1,0,37.8,40000,5454
20160311,-0.5,0,43.8,45000,5454
20160312,2,0,55.6,45000,5454
20160313,3.7,0.1,68.1,46000,5308
20160314,4.7,0,57,46000,5308
20160315,5.2,0,43.4,44000,5308
20160316,7.5,0,45.1,41000,5308
20160317,9.3,0,40.9,38000,5245
20160318,13.4,0,50,39000,5245
20160319,11.4,0,58.3,39000,5245
20160320,10.6,0,54,37000,5245
20160321,9.9,0,54.1,37000,5245
20160322,8,0,58.1,35000,5308
20160323,8.2,0,49.6,35000,5308
20160324,7.2,0,36.5,33000,4755
20160325,7.1,0,43.9,31000,4796
20160326,6.5,0,54.5,31000,4796
20160327,7.2,0,55.6,33000,4796
20160328,9.8,0,47.8,33000,4796
20160329,11.3,0.1,57.8,34000,4796
20160330,11.5,0,49.9,34000,4796
20160331,13.5,0,27,32000,4911
20160401,15.3,0,26,33000,4954
20160402,15,0,40.8,33000,4954
20160403,10.7,2,75.1,33000,4954
20160404,12.3,0,42.6,33000,4954
20160405,11.4,0,45.1,33000,4954
20160406,14.4,3,44.3,33000,4954
20160407,14.1,7.5,69.5,33000,4748
20160408,11.1,0,76.1,33000,4560
20160409,10.7,0,83.9,33000,4560
20160410,13.4,0,71.3,33000,4476
20160411,12.5,0,43.8,33000,4476
20160412,14.1,0,42.6,31000,4425
20160413,15.6,1,67.5,31000,4425
20160414,12.4,0,75.9,31000,4411
20160415,15,0,46.4,31000,4568
20160416,14.9,23.5,58.9,31000,4568
20160417,10.8,20.5,66.8,31000,4544
20160418,11.2,1.5,65.4,31000,4544
20160419,12,0,55.1,31000,4481
20160420,14.3,0.5,54,30000,4481
20160421,13.5,17,87.6,30000,4190
20160422,13.5,0,83.4,28000,4169
20160423,13.5,0,52.1,28000,4169
20160424,15.5,0,39.6,28000,4289
20160425,17.2,0,34.8,28000,4289
20160426,21.1,0,34.8,28000,4248
20160427,17.2,0,32,26000,4144
20160428,17.2,0,34.4,25000,3880
20160429,16.2,0.3,47.6,23000,3838
20160430,15.9,0,45.3,23000,3838
20160501,18.8,0,40.5,22000,3765
20160502,21.1,16.5,64.5,22000,3765
20160503,12.9,27,86.1,22000,3765
20160504,15.7,0,46.6,20000,3775
20160505,18.9,7.5,50.8,20000,3775
20160506,16.3,9.5,89.3,20000,3775
20160507,16.5,0,60.3,18000,3450
20160508,19.4,0,44.8,18000,3450
20160509,20.2,0,43,18000,3450
20160510,14.5,13.5,82.4,16000,3399
20160511,16.4,0,60.9,16000,3336
20160512,17.8,0,62.4,16000,3436
20160513,18.6,0.5,57,15000,3436
20160514,20.2,0,47.1,15000,3436
20160515,17.4,45,73.9,15000,3489
20160516,15.9,2.5,57,15000,3489
20160517,19.3,0,48.8,14000,3451
20160518,22.3,0,40.3,14000,3451
20160519,24.3,0,36.4,14000,3081
20160520,24,0,32,15000,3086
20160521,24.1,0,23.8,15000,3086
20160522,24.7,0,35,14000,3086
20160523,23.3,0,43,14000,3086
20160524,16.8,38.5,82.6,14000,3086
20160525,19.7,0,67.9,14000,3086
20160526,19.4,0,72,16000,3014
20160527,20.9,0,61.3,16000,2846
20160528,21.7,0,56.1,16000,2846
20160529,21.5,0,56.1,15000,2929
20160530,22.1,0,57.3,15000,2929
20160531,21.6,0,63.6,14000,2866
20160601,23.3,0,45.8,13000,2866
20160602,23.2,0,38.3,13000,2774
20160603,22.2,0,48.1,13000,2753
20160604,21.2,0,51.8,13000,2753
20160605,24.7,0,47.3,13000,2753
20160606,23.3,0,49.1,13000,2753
20160607,21.7,0.1,69.5,13000,2753
20160608,22.1,0,65.9,13000,2753
20160609,24.1,0,59.5,12000,2545
20160610,24.6,0,60.9,12000,2525
20160611,23.5,3,74.3,12000,2525
20160612,23.5,1.5,79.4,11000,2463
20160613,23.5,0,70.5,11000,2463
20160614,23.8,0,62.5,11000,2463
20160615,20.9,15.5,81.8,11000,2379
20160616,20.9,0,73.5,11000,2513
20160617,23.8,0,63.1,11000,2488
20160618,24.5,0,58,11000,2488
20160619,24.1,0,64.5,12000,2513
20160620,24.7,0,66,12000,2513
20160621,26,0,60.1,12000,2450
20160622,24.3,30.5,75.1,13000,2450
20160623,24.7,0.1,71,13000,2321
20160624,23.1,3.5,75.8,12000,2321
20160625,22.8,0,63.1,12000,2321
20160626,24.4,0,58.4,12000,2259
20160627,24.4,0,55.5,12000,2259
20160628,24.7,0,61.1,10000,2259
20160629,25.3,0,58,10000,2259
20160630,24.6,0.2,78.1,11000,2300
20160701,24,108.5,86.5,11000,2331
20160702,23.5,4,81.4,11000,2331
20160703,23.5,0,70.4,11000,2331
20160704,21.8,29.5,85.1,11000,2331
20160705,23.1,100.5,93.6,11000,2331
20160706,22.9,0,74,11000,2331
20160707,24,0,71.6,11000,2319
20160708,27.3,0,66.5,14000,2319
20160709,27.7,0,64.8,14000,2319
20160710,27.9,0,64.4,15000,2319
20160711,28.4,0,67.4,15000,2319
20160712,26.3,3,65.5,16000,2458
20160713,26.3,0,69,16000,2481
20160714,27.5,0.1,66.9,17000,2993
20160715,26.2,1.5,60,16000,2984
20160716,20.8,46.5,92.8,16000,2984
20160717,21.7,2.5,82.9,16000,3313
20160718,24.4,0.2,75.1,16000,3313
20160719,27.1,0,65.5,15000,3316
20160720,28.6,0,62.5,15000,3316
20160721,28.3,0,61.3,15000,2984
20160722,29.1,0,64,15000,3004
20160723,28.7,0.5,70.4,15000,3004
20160724,28,0.5,77.9,17000,3035
20160725,28.4,0,75.3,17000,3035
20160726,28.4,0,69,16000,3035
20160727,27.6,0.5,76.4,18000,3035
20160728,28,0.2,70.6,19000,2854
20160729,26.3,59.5,82.3,20000,2854
20160730,28.6,0.5,73.5,20000,2854
20160731,28.9,0.2,72.1,18000,2854
20160801,28.4,0,72,18000,2854
20160802,27.2,2,72.5,16000,2806
20160803,29.1,0,65.4,18000,2806
20160804,30.7,0,59.6,18000,3125
20160805,31.2,0,60.1,18000,2894
20160806,30.5,0,64.8,18000,2894
20160807,30.6,0,56,20000,2894
20160808,30.5,0,63.1,20000,2894
20160809,29.3,1,68.3,18000,2910
20160810,29.4,0,66.3,16000,2910
20160811,30.5,0,64.1,16000,2869
20160812,30.4,0,68.3,18000,2989
20160813,30.2,0,67.9,18000,2989
20160814,28.9,0.2,74,18000,2989
20160815,29.1,0,65.5,20000,2911
20160816,29.3,0.5,64.9,20000,2911
20160817,29.9,0,60.4,20000,2880
20160818,29.9,0,61.9,19000,2843
20160819,28.9,11.5,69.5,20000,2905
20160820,30.1,0,59,20000,2905
20160821,30.7,0,57.5,22000,2905
20160822,30.7,0.4,58,22000,2905
20160823,28.3,8,68.8,21000,2841
20160824,29.1,0,59.1,23000,2841
20160825,27.1,4.5,70.4,22000,2964
20160826,23,20,57,23000,2964
20160827,23.4,0,43.3,23000,2964
20160828,21,1.5,62.5,25000,3123
20160829,22.2,0,54.5,25000,3123
20160830,20.6,0,60.4,26000,3123
20160831,17.7,17.5,85.3,27000,3004
20160901,23.2,0,71.3,28000,3163
20160902,24.2,4.5,68.5,30000,3371
20160903,23.9,0.5,73.8,30000,3371
20160904,25.6,0,71.3,32000,3661
20160905,26.4,0,66.1,32000,3661
20160906,24.7,0,69,35000,3703
20160907,24.3,0,69.8,37000,3703
20160908,23,4.5,76.4,38000,4518
20160909,23.9,0,71.1,36000,4685
20160910,24.4,0,65.4,36000,4685
20160911,24.5,0,66.3,35000,4894
20160912,23.4,2.5,68.9,35000,4894
20160913,24.6,0,62.5,33000,4935
20160914,24.6,0,66.1,33000,4935
20160915,23.9,0,68.1,33000,4935
20160916,24.6,0,64.9,30000,4634
20160917,23.1,7,64.8,30000,4634
20160918,23.5,0,53.4,30000,4634
20160919,21.9,0,53.3,30000,4634
20160920,20.6,0,41.1,28000,4405
20160921,20.2,0,43.4,27000,4405
20160922,21.9,0,46.3,25000,4031
20160923,21.4,0,57.9,23000,4031
20160924,22.3,0,60.6,23000,4031
20160925,23,0,57.6,25000,3913
20160926,23.6,0,59.1,25000,3913
20160927,21,13.5,82.5,27000,3913
20160928,19.9,0.5,84.6,28000,3975
20160929,20.4,0,64.4,30000,4448
20160930,20.5,0,66.9,33000,4448
20161001,21.1,0,69,37000,4610
20161002,19,18.5,84.1,37000,4610
20161003,22.7,6.5,73.3,37000,4610
20161004,22,0,58.9,37000,4610
20161005,21.1,0,61.9,39000,4735
20161006,18,0,59.3,41000,5540
20161007,19.7,2,67.8,40000,5603
20161008,16.8,6,66.4,40000,5603
20161009,11.3,0,46.3,42000,5603
20161010,14,0,43.3,42000,5603
20161011,15.4,0,62.4,40000,5503
20161012,15.5,0,57,40000,5565
20161013,15.2,0,44.1,40000,5565
20161014,16.7,0,61.8,42000,5846
20161015,19.1,0,60.6,42000,5846
20161016,17.2,1.5,74.1,42000,5967
20161017,17.5,0,76.1,42000,5967
20161018,17,0,70.9,42000,6039
20161019,18,0,67.6,40000,6039
20161020,18.6,0,61.3,40000,6253
20161021,17.9,0,58.6,40000,6229
20161022,18.3,0,59,40000,6229
20161023,13.3,2.5,66.3,30000,6310
20161024,15.1,0,54.8,30000,6310
20161025,14.1,37,84,28000,6380
20161026,13.3,0,81,28000,6380
20161027,14.6,0,65.4,30000,5838
20161028,14.6,0.3,61.8,28000,5775
20161029,7.8,0,40.3,28000,5775
20161030,7.9,0,31.9,28000,5775
20161031,5.7,0.5,59.9,28000,5775
20161101,1.5,0,43.6,27000,5481
20161102,4.1,0.1,53.1,27000,5231
20161103,9.1,0.2,62.8,27000,5050
20161104,12.3,0,67,28000,5050
20161105,15,0,77.4,28000,5050
20161106,14,0,59.4,30000,5050
20161107,12.8,5.5,71.3,30000,5050
20161108,4.1,0.5,58,29000,5081
20161109,2.1,0,41.1,31000,5081
20161110,6,0.4,55.5,30000,5446
20161111,9.1,4,63.3,30000,5503
20161112,11.4,0,62.1,30000,5503
20161113,14.4,0.5,74.8,30000,5503
20161114,13.2,1.5,78.5,30000,5503
20161115,5.2,0,44.3,28000,5503
20161116,5.2,0,44.3,28000,5596
20161117,9.1,0,56.4,30000,5108
20161118,10.3,0,58.4,30000,4844
20161119,13,0,71.1,30000,4844
20161120,9.8,0,48.6,28000,5006
20161121,9.5,0,40.5,28000,5006
20161122,2,0.2,43.3,30000,4881
20161123,-1.8,0,37.5,31000,4813
20161124,-2.5,0,37.8,31000,4744
20161125,1,0,43.9,31000,4744
20161126,0.9,2.8,69.6,31000,4744
20161127,3.3,0,81.3,31000,4744
20161128,1.4,0,57.9,31000,4744
20161129,1.7,0,40.8,31000,4744
20161130,6,1,59.8,31000,4938
20161201,4.1,0,47.6,31000,4769
20161202,1.6,0,48.4,31000,4769
20161203,4.5,0,58.8,33000,4769
20161204,5.5,0,60.1,33000,4713
20161205,5.9,1.5,69.1,33000,4713
20161206,-1.1,0,38.5,35000,4713
20161207,1.7,0,58.3,37000,4781
20161208,2.1,3,70,39000,5338
20161209,1.4,3,65.8,40000,5338
20161210,-1.6,0,47.6,40000,5338
20161211,-1.1,0,42.6,40000,5338
20161212,2.3,0,37.9,40000,5338
20161213,3.4,0,53.6,42000,5614
20161214,-1.4,0.1,68.1,42000,5676
20161215,-5,0,41.8,44000,6180
20161216,-4.7,0,40.3,42000,6180
20161217,2.7,0,60.1,42000,6180
20161218,4.9,0,68.8,40000,6243
20161219,7.2,0.1,66,40000,6243
20161220,7.6,0,71.3,41000,6243
20161221,7.9,29,75.5,42000,6305
20161222,5.5,23.5,90.3,42000,6430
20161223,-2.5,0.1,71.1,42000,6171
20161224,-2.4,0,66,42000,6171
20161225,1,0,69.5,43000,6171
20161226,2.5,0,73.8,43000,6171
20161227,-2.3,0.5,54.6,45000,6171
20161228,-3.7,0,49,43000,5938
20161229,-4.2,0.3,53.1,42000,5806
20161230,-3.9,0,50.9,43000,5806
20161231,0.7,0,65.4,43000,5806
20170101,2.7,0,75.9,43000,5838
20170102,5,0.3,77.8,43000,5838
20170103,2,0,61.8,41000,5838
20170104,3.9,0,55,40000,5838
20170105,3.8,0,52.3,38000,5963
20170106,5.4,0,58.5,38000,5963
20170107,4.6,0,64.9,38000,5963
20170108,6.5,0,61.4,36000,5963
20170109,1.5,0,60.8,36000,5963
20170110,-3.7,0,45.1,34000,5963
20170111,-3.8,0,36.4,35000,5963
20170112,-2.2,0,43.1,34000,5881
20170113,-6,0.6,47.4,35000,5881
20170114,-8.4,0,33.3,35000,5881
20170115,-6.6,0,35.3,33000,5881
20170116,-3.8,0,37.6,33000,5881
20170117,-2,0,46.6,35000,5944
20170118,-0.5,0,68.9,35000,5944
20170119,-1.2,0,55.4,32000,5900
20170120,-4.4,4,70.3,34000,5900
20170121,-5.2,2.1,78.1,34000,5900
20170122,-8.3,0,51.3,32000,5900
20170123,-8.9,0,48.4,32000,5900
20170124,-7,0,49.6,34000,5963
20170125,-5.2,0,50.6,35000,5900
20170126,-1.3,0.3,64.4,38000,5838
20170127,-2.6,3,47.3,38000,5838
20170128,-1.6,0,38,38000,5838
20170129,0.8,4.5,71.1,38000,5838
20170130,-4.8,0.1,61.4,38000,5838
20170131,-5.4,0,44.8,38000,5838
20170201,-4,0,44.5,38000,5775
20170202,-2.7,0,52.9,40000,5650
20170203,1.5,0,65.4,40000,5588
20170204,0.9,0,69.4,40000,5588
20170205,1.2,0.5,75.3,40000,5588
20170206,-1.7,0,51,40000,5588
20170207,-2,0,45.4,38000,5588
20170208,-2.2,0,50.1,38000,5588
20170209,-5.3,0,47,40000,5588
20170210,-6.6,0,44.3,38000,5588
20170211,-4.8,0,45.4,38000,5588
20170212,-2.2,0,51.3,37000,5588
20170213,0.1,0,59.6,37000,5588
20170214,0.3,0,46,39000,5713
20170215,1.8,0,52.1,38000,5713
20170216,5.5,0,63.9,36000,5588
20170217,0.8,4,56.9,35000,5588
20170218,-2.6,0,49.4,35000,5588
20170219,2.3,1,68,36000,5650
20170220,-1.5,0.5,53.8,36000,5650
20170221,-0.6,0,37.1,36000,5650
20170222,1.7,5.1,70.8,36000,5650
20170223,-1.5,0,56.4,34000,5025
20170224,-0.8,0,51.3,32000,4963
20170225,2.6,0,63.6,32000,4963
20170226,3.6,0,52.8,35000,4900
20170227,3.7,0,37.4,35000,4900
20170228,5.6,0,41.5,34000,4900
20170301,5,5,65,34000,4900
20170302,1.8,0.5,59.5,33000,5330
20170303,3.3,0,54.4,31000,5286
20170304,5.7,0,60,31000,5286
20170305,5.2,0.5,71.6,33000,5506
20170306,0.1,0,41.3,33000,5506
20170307,-1.3,0,37.5,35000,5375
20170308,-0.1,0,50.6,35000,5375
20170309,3.2,0,47.3,33000,4949
20170310,4.8,0,37.4,32000,4949
20170311,7.3,0,37.4,32000,4949
20170312,8.2,0,58.4,31000,4918
20170313,6.9,0,49.8,31000,4918
20170314,5.8,0,37.5,31000,4918
20170315,6.3,0,34.9,30000,4793
20170316,6.2,0,41.8,29000,4511
20170317,7.7,0,43.1,29000,4511
20170318,9.5,0,34.1,29000,4511
20170319,10.9,0,36,30000,4449
20170320,10.2,0,40.4,30000,4449
20170321,7.4,0,48.1,28000,4449
20170322,7.6,0,32.8,28000,4449
20170323,9.1,0,34,28000,4261
20170324,8.7,0,41.4,28000,4261
20170325,8.1,0,41.1,28000,4261
20170326,7.3,0,53.1,28000,4261
20170327,6.1,0.4,67.4,28000,4261
20170328,7.1,0,59.8,28000,4324
20170329,8.8,0,54.9,28000,4324
20170330,10.6,0,50,27000,4350
20170331,8.6,1.5,70.6,28000,4350
20170401,9,1,60.5,29000,4350
20170402,9,0,53.1,29000,4350
20170403,11.4,0,45.6,29000,4350
20170404,14.1,0,35.3,27000,4350
20170405,12,37.5,66,27000,4350
20170406,10.4,3,90,28000,3621
20170407,14.5,0,68.1,28000,3621
20170408,13,0.5,74.5,28000,3621
20170409,14.8,0.5,59.6,28000,3640
20170410,16.5,0,25.8,28000,3640
20170411,15.3,0,36.8,28000,3678
20170412,11.5,0,21.8,28000,3678
20170413,12.7,0,54,26000,4021
20170414,13,6,57.9,25000,3959
20170415,16.8,0,59.4,25000,3959
20170416,18.7,0,52.9,23000,3959
20170417,14.7,5.5,66.5,23000,3959
20170418,11.7,7.5,76.5,21000,3959
20170419,12.6,0,43.1,19000,3959
20170420,12.9,0.1,45.4,18000,3683
20170421,13.1,0,56.5,17000,3683
20170422,14.8,0,48.4,17000,3683
20170423,14.9,0,40,19000,3714
20170424,15.1,0,39.4,19000,3714
20170425,16,0,56.8,17000,3714
20170426,15.1,0,36,19000,3714
20170427,13.6,0,41.8,19000,3254
20170428,14.4,0,57.3,21000,3254
20170429,17.1,0,44.3,21000,3254
20170430,19.3,0,57.9,21000,3254
20170501,20.1,0,50.8,21000,3254
20170502,20.7,0,42,20000,3115
20170503,21.5,0,34.1,20000,3115
20170504,21,0,43.6,20000,3115
20170505,20.9,0,53.4,20000,3115
20170506,14.9,0,32,20000,3115
20170507,16.6,0,42.6,20000,3115
20170508,17.9,0,43.6,20000,3115
20170509,17.1,2.5,62.6,18000,3088
20170510,16.4,2.5,73,18000,3088
20170511,19.3,0,65.3,18000,2994
20170512,19.1,0,71.6,18000,2994
20170513,16.4,6,77.8,18000,2994
20170514,15.7,0,58.3,18000,2806
20170515,16,0,61.4,18000,2806
20170516,17.1,0,60.5,18000,2806
20170517,18.6,0,51.5,18000,2806
20170518,20.4,0,41.9,18000,3089
20170519,21.1,0,42.6,19000,3089
20170520,20.9,0,44,19000,3089
20170521,21.5,0,48.1,19000,3068
20170522,21.8,0,53.6,19000,3068
20170523,20,5,68,19000,3068
20170524,21.8,0.1,60.4,19000,3068
20170525,19.2,0,45.6,20000,3039
20170526,17.7,0,41.5,20000,3070
20170527,19.5,0,46.1,20000,3070
20170528,21.2,0,50.6,18000,3070
20170529,22.9,0,61.8,18000,3070
20170530,23.6,0,43.5,16000,3070
20170531,23.3,0,49.1,15000,3029
20170601,23.3,0,51.8,15000,2898
20170602,20.5,0,37.4,15000,2835
20170603,20.5,0,44,15000,2835
20170604,21.7,0,36.9,15000,2898
20170605,24.2,0,33.3,15000,2898
20170606,19.4,15.5,60,15000,2835
20170607,17.6,12.5,91.4,15000,2835
20170608,20.1,0,67.3,15000,2776
20170609,21.2,0.1,69.8,14000,2714
20170610,21.5,4.5,46.8,14000,2714
20170611,22.8,0,33.8,13000,2714
20170612,22.1,0,45.5,13000,2714
20170613,21.5,0,63,15000,2715
20170614,21.8,0,63,17000,2668
20170615,23.1,0,62.4,17000,2725
20170616,25.5,0,55.8,17000,2773
20170617,24.2,0,52.3,17000,2773
20170618,24.3,0,52,16000,2751
20170619,24.8,0,50.9,16000,2751
20170620,26,0,43.4,16000,2751
20170621,25.4,0,52.6,17000,2751
20170622,25.3,0,57.3,18000,2908
20170623,26.7,0,53,18000,2908
20170624,24.5,3.5,60.4,18000,2908
20170625,23.8,1.5,75.4,16000,2908
20170626,23.1,29,76.9,16000,2908
20170627,25.2,0,67.5,17000,2908
20170628,26,0,63.5,17000,2908
20170629,26.2,0,64.8,16000,2970
20170630,25.9,0,65.9,16000,2970
20170701,25.3,0.5,73.6,14000,2908
20170702,24.3,92,90.5,14000,2908
20170703,24.7,67.5,87.6,14000,2908
20170704,26.7,0.5,74.5,12000,2908
20170705,27.4,0,66.9,12000,2908
20170706,27.6,34,72.3,12000,2676
20170707,26.4,16.5,80.8,12000,2676
20170708,26,4.5,83.3,12000,2676
20170709,26.3,32.5,88,13000,2676
20170710,24,144.5,96.5,13000,2676
20170711,26,1,81.4,13000,2676
20170712,27.1,0,75.9,13000,2676
20170713,27.6,0,71,13000,2588
20170714,28.7,0,68.4,13000,2574
20170715,25,42.5,89,13000,2574
20170716,26.2,22.5,83.4,13000,2574
20170717,26.8,7.5,77.3,13000,2574
20170718,26.5,2.5,80.6,13000,2574
20170719,28.3,0,71.4,13000,2574
20170720,29.9,0,66.1,13000,2816
20170721,29.8,0,73.1,13000,2816
20170722,29.3,0.5,75.8,13000,2816
20170723,27,133.5,89.5,16000,2941
20170724,26.2,3,82.3,16000,2941
20170725,29.4,0,64.1,16000,2941
20170726,28.7,0,55.6,17000,2941
20170727,27.1,3.5,62.5,17000,3194
20170728,25.5,8.5,92.1,16000,3194
20170729,27.2,0,72.3,16000,3194
20170730,27.9,0,64.4,16000,3175
20170731,25.7,3.5,82.3,16000,3175
20170801,28.6,2,73,19000,3319
20170802,30,0,71.9,20000,3365
20170803,30.2,0,60.6,23000,3489
20170804,30.3,0,60.1,23000,3551
20170805,31.4,0,63,23000,3551
20170806,29.8,5,71.9,26000,3950
20170807,29.2,0,68.1,26000,3950
20170808,28.2,0,67.1,32000,3894
20170809,27.6,2.5,66.4,34000,4138
20170810,24.8,5.5,89.9,34000,4719
20170811,27,0.5,72.5,34000,4719
20170812,27.8,0,60.3,34000,4719
20170813,26.3,0,62.1,31000,4719
20170814,24.6,1.5,67.5,31000,4416
20170815,21.9,93.5,93.8,31000,4416
20170816,23.3,2,80.5,33000,4416
20170817,24.8,0.5,77.1,33000,4508
20170818,26.3,0,75.6,35000,4574
20170819,26.1,0,75.8,35000,4574
20170820,23.2,124.5,95.6,35000,4574
20170821,25.8,5,81.5,35000,4574
20170822,27.3,0,70.6,35000,4574
20170823,27.2,31.5,84.1,35000,4636
20170824,26.5,14,85.3,33000,4799
20170825,25.3,0,61.9,33000,4799
20170826,24.2,0,54.5,33000,4799
20170827,22.7,0,62,33000,4756
20170828,21.5,9,73.1,33000,4756
20170829,19.5,0,51.4,33000,4756
20170830,19.8,0,55.8,35000,4756
20170831,22.2,0,62.4,37000,4819
20170901,23.3,0,56,34000,4819
20170902,23.8,0,59,34000,4819
20170903,23.7,0,64,37000,4894
20170904,24.6,0,53.8,37000,4894
20170905,21.9,0,62.4,39000,4956
20170906,20.6,2,75.5,40000,5204
20170907,22.4,0,73.3,40000,5185
20170908,24.3,0,67.5,44000,5185
20170909,23.8,0,70.1,44000,5185
20170910,23,0.5,74.3,48000,5248
20170911,21.2,24,79.8,48000,5248
20170912,22.1,0,58.6,48000,5248
20170913,21.4,0,49.3,45000,5310
20170914,22.4,0,48.8,42000,5820
20170915,22.6,0,48.4,39000,5683
20170916,22,0,50.9,39000,5683
20170917,23.1,0,51.3,39000,6288
20170918,21.9,0,62.8,39000,6288
20170919,22.6,8,79.1,38000,6125
20170920,19.5,0,48.9,38000,5958
20170921,20.3,0,57.3,38000,5750
20170922,20.6,0,60.8,35000,5600
20170923,21.8,0,69.8,35000,5600
20170924,22.4,0,71.5,35000,5444
20170925,23.4,0,58,35000,5444
20170926,25.1,0,57,31000,5444
20170927,22.7,0.5,66.4,31000,5444
20170928,19.2,0,49.1,31000,5455
20170929,17.4,0,39.3,28000,5705
20170930,20,0,64.9,28000,5705
20171001,18.2,4,74.8,28000,5705
20171002,22,1.5,62.3,28000,5705
20171003,17.6,0,49.8,28000,5705
20171004,16.7,0,48.5,28000,5705
20171005,18.7,0,56.4,25000,5724
20171006,18.9,0.5,66.4,25000,5724
20171007,21.9,0,67.6,25000,5724
20171008,23,0,66.9,25000,5724
20171009,22.5,0,66,25000,5724
20171010,21.4,0.4,76.9,25000,5724
20171011,15.5,20,77.1,24000,5390
20171012,11.4,0,71,26000,4996
20171013,12.8,0,51,26000,4953
20171014,14.4,0,42.8,26000,4953
20171015,15.8,0,42.5,26000,4810
20171016,16.6,0,47.6,26000,4810
20171017,16.2,0,47.1,28000,4716
20171018,16.5,0.1,58.8,26000,4716
20171019,17,0,58.3,25000,4823
20171020,17,0,58.6,26000,4823
20171021,17.6,0,52.8,26000,4823
20171022,16.3,0,50.4,26000,4823
20171023,13.7,0,47,26000,4823
20171024,14.4,0,54.3,25000,4164
20171025,14.4,0,59,25000,4164
20171026,14.5,0,56.5,25000,4040
20171027,16.9,0,54.4,24000,4165
20171028,17.2,0,51.9,24000,4165
20171029,11.5,0,45.6,25000,4078
20171030,7.7,0,27.4,25000,4078
20171031,10.4,0,54.3,24000,4078
20171101,14.4,0,72.4,24000,4078
20171102,15.5,1,78.8,24000,3775
20171103,12.3,1.5,66,24000,3775
20171104,7.8,0,47.9,24000,3775
20171105,8.4,0,52.5,25000,3804
20171106,11.4,0,64.5,25000,3804
20171107,14.4,0,61.4,25000,3804
20171108,13.1,0,53.3,23000,3804
20171109,9.4,0,39.6,23000,3894
20171110,9.8,7.5,56.3,23000,3925
20171111,5.9,0,42.9,23000,3925
20171112,5.3,0,57.1,22000,3925
20171113,8.4,4.5,64.4,22000,3925
20171114,7.5,0,42.5,22000,3925
20171115,3.2,0,38.3,22000,3925
20171116,1,0,30.3,22000,3750
20171117,3,0,39.4,22000,3615
20171118,-2.1,0,38.5,22000,3615
20171119,-1.6,0,37.8,24000,3781
20171120,-0.4,0,55.3,24000,3781
20171121,1.3,0,55.6,24000,3781
20171122,4.3,0.5,54.8,24000,3781
20171123,0.9,1.2,49.3,24000,3911
20171124,-0.4,0,62.5,26000,3911
20171125,3,24,77.6,26000,3911
20171126,3.3,0,71.6,25000,3911
20171127,2.5,0,53,25000,3911
20171128,6.4,0.5,64.1,25000,3983
20171129,3.2,0,48.3,24000,3983
20171130,-2.4,0,26.8,24000,4040
20171201,-2.2,0,49.4,24000,4040
20171202,1.9,0,59.9,25000,4040
20171203,4.9,4,83.1,25000,4016
20171204,-1.2,0.1,48.1,25000,4016
20171205,-4.2,0.1,40.1,23000,4016
20171206,0.2,1.2,72.6,22000,4016
20171207,0.7,0,64.5,22000,3529
20171208,-3.8,0,41.3,22000,3529
20171209,-0.5,0,46.1,22000,3529
20171210,1.1,4.1,67.9,22000,3529
20171211,-7,0,40.5,22000,3529
20171212,-9.4,0,41.9,22000,3529
20171213,-8.7,0,42,22000,3529
20171214,-6.6,0,42.9,20000,3253
20171215,-3,0,52.6,19000,3223
20171216,-5.7,0,43.1,19000,3223
20171217,-6.7,0,38.1,21000,3223
20171218,-1.6,3.4,80,21000,3223
20171219,-3.9,0,49.4,22000,3223
20171220,-3.9,0.2,68,20000,3191
20171221,-0.9,0,71.4,20000,3501
20171222,3.4,0,66.6,20000,3501
20171223,6.1,0,75.8,20000,3501
20171224,2.9,20,82,20000,3501
20171225,-2.1,0,43.1,20000,3500
20171226,-3.8,0,41.8,20000,3500
20171227,-6.9,0,31.4,20000,3500
20171228,-2.1,0,47,20000,3640
20171229,2.1,0,67,20000,3581
20171230,1.4,0.7,79.5,20000,3581
20171231,-0.3,1,54.4,20000,3581
20180101,-1.3,0,39.1,20000,3843
20180102,-1.8,0,42,20000,3843
20180103,-4.7,0,42.3,18000,3843
20180104,-4.7,0,43,18000,3843
20180105,-3,0,48.4,18000,3843
20180106,-2.8,0,45.8,18000,3843
20180107,-0.8,0,42.1,18000,3843
20180108,1.3,0.9,51.9,18000,3843
20180109,-4.2,0.5,59.4,19000,3843
20180110,-7.5,0.3,52,20000,3843
20180111,-11.1,0,49.8,20000,3711
20180112,-10.2,0,35.4,20000,3711
20180113,-4.4,0.4,67.3,20000,3711
20180114,0.6,0,64.1,19000,3711
20180115,4.7,0.2,63.9,19000,3711
20180116,3.5,0,59.1,20000,3711
20180117,4.5,0,64.1,20000,3623
20180118,2.1,0,59.6,20000,3868
20180119,1,0,43,20000,3868
20180120,2.2,0,57.6,20000,3868
20180121,0.4,0,36.6,22000,3868
20180122,0.2,3.3,56.5,22000,3868
20180123,-11.7,0,42,23000,3836
20180124,-14.2,0,31.6,24000,3775
20180125,-14,0,32.6,25000,4548
20180126,-14.8,0,34.9,23000,4548
20180127,-9.9,0,37.4,23000,4548
20180128,-6.3,0,36,23000,4548
20180129,-8.5,0,35,23000,4548
20180130,-5.3,2.9,62,23000,4548
20180131,-2.6,0,54.5,25000,4735
20180201,-4,0,44.1,25000,4536
20180202,-2.4,0,51.1,23000,4661
20180203,-7.3,0.5,47,23000,4661
20180204,-9.5,0,40.9,23000,4569
20180205,-9.4,0,37.8,23000,4569
20180206,-10.1,0,36.5,24000,4569
20180207,-8,0,39.8,23000,4505
20180208,-4.4,0,43.3,23000,4449
20180209,0.4,0,43.9,25000,4388
20180210,-0.5,0,47.4,25000,4388
20180211,-6.1,0,42.5,27000,4388
20180212,-5.8,0,40.8,27000,4388
20180213,-0.8,0,54.5,25000,4388
20180214,3.5,0,51,25000,4388
20180215,-0.7,0,28,25000,4388
20180216,-1.1,0,40.1,25000,4388
20180217,-3,0,25.6,23000,4690
20180218,-0.4,0,26.9,23000,4690
20180219,1.8,0,48.6,23000,4690
20180220,0.9,0,41,23000,4583
20180221,-0.9,0,31.5,22000,4583
20180222,1.3,0.4,59,22000,4083
20180223,4.2,3.7,81.1,22000,4083
20180224,2.4,0,49.4,22000,4083
20180225,1.9,0,40.6,24000,4083
20180226,3.1,0,43.1,24000,4083
20180227,4.2,0,48.8,25000,4145
20180228,4.6,25,73.3,25000,4145
20180301,-0.2,0.5,61.9,25000,4145
20180302,-0.7,0,34,25000,3629
20180303,7.9,0,38.1,25000,3629
20180304,9.8,11.5,89.1,25000,3629
20180305,5.5,3.5,67.5,25000,3629
20180306,4.5,0,46.8,25000,3629
20180307,6.4,0.5,54,25000,3608
20180308,4.6,4,76,25000,3659
20180309,4.5,0,63.3,25000,3659
20180310,4.6,0,65.8,25000,3659
20180311,6.4,0,51.3,25000,3659
20180312,8,0,45.8,25000,3659
20180313,12.4,0,60.5,25000,3690
20180314,17,0,58.8,25000,3690
20180315,12.4,27,92.1,25000,3940
20180316,7.1,0,46.9,25000,3940
20180317,6.6,0,48,25000,3940
20180318,8.2,0.5,55.9,25000,3940
20180319,8,1,64.5,25000,3940
20180320,4.7,0,39.9,25000,3940
20180321,2.1,1,64.1,25000,3940
20180322,4.9,0,61.5,25000,3940
20180323,6.1,0,55.3,25000,4003
20180324,7.6,0,61.9,25000,4003
20180325,9.6,0,65.6,25000,4003
20180326,11,0,64.5,25000,4003
20180327,13.3,0,61.1,25000,4003
20180328,14,0,66.4,25000,4003
20180329,15.4,0,66.3,25000,4378
20180330,14.8,0,55.6,23000,4378
20180331,14,0,52.9,23000,4378
20180401,15.6,0,68.8,25000,3878
20180402,18.4,0,64,25000,3878
20180403,17.8,0.1,72.9,25000,3878
20180404,13.4,18.5,67,25000,4336
20180405,7.6,10.5,90.6,25000,4348
20180406,5.8,6.5,71.6,25000,4348
20180407,4.2,0.2,45.5,25000,4348
20180408,3.9,3,59.6,25000,4306
20180409,7.9,0,57.9,25000,4306
20180410,15.1,5,51,25000,4306
20180411,12.6,0,49.4,25000,4306
20180412,13.3,0,30.5,25000,4244
20180413,14.6,0,22.9,25000,4181
20180414,9,9,78.8,25000,4181
20180415,9.5,0,65.5,25000,4244
20180416,11.6,0,41.9,25000,4244
20180417,12.9,0,37.9,25000,4244
20180418,12.4,0,35.4,25000,4244
20180419,14,0,38.8,27000,4348
20180420,18.4,0,46,30000,4348
20180421,18.7,0,32,30000,4348
20180422,15.5,15.5,57.4,30000,4348
20180423,9.3,59,93.9,30000,4348
20180424,12.1,3,63.3,28000,4397
20180425,14.6,0,37.8,28000,4397
20180426,14.9,0,51.9,28000,4069
20180427,15.7,0,52.9,28000,4069
20180428,15.4,0,49,28000,4069
20180429,16.2,0,43.1,28000,4121
20180430,19.2,0,61.6,28000,4121
20180501,20.4,0,72.8,28000,4121
20180502,15.1,12,90.4,28000,4121
20180503,11.2,1,62.4,28000,3836
20180504,14.1,0,45.5,28000,3836
20180505,18.3,0,46.8,28000,3836
20180506,16.6,22,86.4,28000,3836
20180507,19.2,0,60.3,25000,3701
20180508,17.5,0,50.9,25000,3701
20180509,15.7,0,50.4,25000,3701
20180510,15.4,0,67.4,25000,3756
20180511,16.1,0,59.8,25000,3789
20180512,14.2,32,89.3,25000,3789
20180513,15.8,0.5,82.5,23000,3726
20180514,18.2,0,71.4,23000,3726
20180515,23.2,0,56.4,23000,3694
20180516,22.3,45,93.8,23000,3726
20180517,20.9,83,97,23000,3639
20180518,16.3,6.5,86.8,21000,3618
20180519,17.6,0,47.5,21000,3618
20180520,17,0,32.1,21000,3618
20180521,17.8,0,43.9,21000,3618
20180522,18.1,12.5,75.5,21000,3618
20180523,17.3,6.5,57.1,21000,3618
20180524,18.3,0,47.4,21000,3299
20180525,19.7,0,47.4,21000,3278
20180526,21.8,0,50.1,21000,3278
20180527,20.3,0,47.4,21000,3298
20180528,22.3,0,49.8,21000,3298
20180529,21.4,1,69.3,21000,3298
20180530,20.2,0,69.8,21000,3298
20180531,20.9,0,58.9,19000,3115
20180601,23.8,0,50.4,19000,3095
20180602,23.4,0,44.5,19000,3095
20180603,24,0,39.4,19000,2893
20180604,22.6,0,50.1,19000,2893
20180605,23.7,0,52.5,19000,2893
20180606,23,0,62.9,19000,2893
20180607,22.2,0,69.3,19000,2699
20180608,21.9,0,68,19000,2699
20180609,23.7,0.5,60.6,19000,2699
20180610,21.3,0.5,59.9,19000,2699
20180611,20.2,5,67.3,19000,2699
20180612,21.3,0,65.5,19000,2699
20180613,22,0,64,19000,2636
20180614,21.6,29,74.9,19000,2636
20180615,21.7,16.5,60.8,19000,2636
20180616,22.5,0,56.4,19000,2636
20180617,22.8,0,66.9,19000,2636
20180618,24.8,0,54.9,19000,2616
20180619,22.4,0,61.3,19000,2616
20180620,22.7,0,68.1,19000,2616
20180621,23.7,0,60.1,19000,2593
20180622,25,0,45.1,19000,2571
20180623,24.5,0,50.6,19000,2571
20180624,25.2,0,62.8,19000,2571
20180625,27.1,0,57.1,19000,2571
20180626,22.3,71.5,88.3,19000,2571
20180627,22.3,1,81.9,19000,2571
20180628,23.3,26.5,85.1,19000,2600
20180629,24.7,6.5,78.5,19000,2600
20180630,24.4,14.5,83.8,19000,2600
20180701,21.9,83.5,94.6,17000,2600
20180702,22.6,59.5,95.4,17000,2600
20180703,27.4,0.1,74.4,17000,2558
20180704,27.3,0,69.6,17000,2558
20180705,25.3,0.5,72.8,17000,2694
20180706,23.9,0,57.8,17000,2694
20180707,23.7,0,51.4,17000,2694
20180708,23.3,0,51.5,17000,2694
20180709,20.8,14,82.3,17000,2694
20180710,23.7,16.5,87.8,17000,2756
20180711,26.8,3,82.9,17000,2756
20180712,26.6,1,82.4,17000,2629
20180713,27.3,0,74.8,17000,2566
20180714,27.9,0,69.6,17000,2566
20180715,28.3,0,69.6,20000,2598
20180716,28.7,0,64.3,20000,2598
20180717,28.1,0,66.5,23000,2645
20180718,28.2,0,64.8,28000,2645
20180719,28.7,0,64.1,30000,2520
20180720,29.5,0,62.6,28000,2921
20180721,30.6,0,53.6,28000,2921
20180722,31.8,0,49.6,28000,3190
20180723,31.7,0,53.8,28000,3190
20180724,31.4,0,59.5,28000,3253
20180725,30.1,0,66.3,28000,3253
20180726,30.1,0,68.8,26000,3865
20180727,30.9,0,69.3,26000,3865
20180728,29.5,7.5,77.1,26000,3865
20180729,31.3,0,52.4,20000,3865
20180730,31.7,0,50.9,20000,3865
20180731,32.6,0,50.5,17000,3865
20180801,33.6,0,55.5,15000,3865
20180802,33.7,0,54.4,15000,3434
20180803,33.1,0,55.3,15000,3405
20180804,31.1,0,60.6,15000,3405
20180805,30,2,71.8,17000,3436
20180806,30.5,6.5,71.6,17000,3436
20180807,30.5,0,63.4,15000,3300
20180808,31,0,64.8,17000,3300
20180809,28.8,2,76.3,18000,2994
20180810,30.7,0,60.9,21000,2994
20180811,31,0,55.8,21000,2994
20180812,30.6,5,61.3,21000,3088
20180813,30.5,1,68.6,21000,3088
20180814,31.7,0,58.3,21000,3025
20180815,31.7,1,59.5,21000,3025
20180816,29.9,0,51,22000,3338
20180817,27.2,0,39.8,22000,3338
20180818,26.7,0,44.6,22000,3338
20180819,28.2,0,50.6,20000,3318
20180820,29.1,0,55.6,20000,3318
20180821,26.6,5,71.4,22000,3286
20180822,30.7,0,54.1,22000,3256
20180823,29.4,3,59.1,24000,3170
20180824,24.4,7.5,86.3,24000,3170
20180825,25.2,0,68,24000,3170
20180826,23.2,2,70,24000,3170
20180827,22.7,19.5,91,24000,3170
20180828,23.7,96.5,92.4,26000,3289
20180829,25.2,42,86,26000,3464
20180830,25.3,9.5,80.9,30000,3744
20180831,25.6,0.1,67.4,33000,3744
20180901,25.5,0,59.4,33000,3744
20180902,25.1,0,55.8,35000,3816
20180903,23.3,34.5,85.3,35000,3816
20180904,23.2,0,69.4,40000,3816
20180905,24,0,63.5,43000,3996
20180906,24.1,1,69.9,45000,4481
20180907,22,0.5,54.6,45000,4796
20180908,21.7,0,48.8,45000,4796
20180909,22.2,0,49,48000,4838
20180910,22.9,0,49.5,48000,4838
20180911,21.6,0,48.1,48000,4963
20180912,22.8,0,52,48000,4923
20180913,23.5,0,63.5,50000,7075
20180914,23.5,0.5,66.9,50000,7242
20180915,23.3,0.2,76,50000,7242
20180916,22.2,2,83.6,50000,7242
20180917,22.3,0.1,64.3,50000,7242
20180918,22,0,59.8,50000,7242
20180919,22.1,0.2,59.1,50000,7408
20180920,19,5,82.4,53000,8075
20180921,19.4,18,85.8,50000,9842
20180922,20.8,6.5,62.3,50000,9842
20180923,19.4,0,52.9,50000,9842
20180924,17.6,0,48.3,42000,9842
20180925,17.8,0,48,42000,9882
20180926,19.4,0,47.9,42000,9882
20180927,18.9,0,47.6,42000,9882
20180928,17.5,0,58.1,45000,9882
20180929,20.2,0,55.5,45000,9882
20180930,17.6,0,52.5,45000,9882
20181001,15.4,0,55.1,43000,9882
20181002,15.9,0,61.4,48000,9882
20181003,17.3,0,58,48000,9882
20181004,19.3,0,56.5,55000,8550
20181005,16.9,36.5,84.1,50000,8550
20181006,18,55.5,84,50000,8550
20181007,16.4,0,53.5,50000,8550
20181008,14.8,0,47,47000,8550
20181009,15.3,0,52.5,47000,8550
20181010,12,7,61,47000,8550
20181011,9.7,0,51,45000,8550
20181012,10.9,0,54,45000,8550
20181013,12.5,0,54,45000,8550
20181014,13.2,0,60,45000,8550
20181015,15.2,0,69.9,45000,8550
20181016,14.5,0,55.9,45000,8550
20181017,12.4,0,53.3,45000,8550
20181018,12.7,0,59.5,45000,8550
20181019,13.1,0,54.3,43000,8550
20181020,13.4,0,53.9,43000,8550
20181021,13.4,0,49.5,45000,8550
20181022,14,0,50,45000,8550
20181023,12.2,5,75.1,43000,8550
20181024,12.5,0,66,43000,8582
20181025,13.8,0,55.5,40000,8716
20181026,12.2,11,74.1,40000,8716
20181027,8.7,0,49.6,40000,8716
20181028,8.3,5.5,77.1,37000,8716
20181029,7.2,0,57.3,37000,8716
20181030,6.1,0,51.3,33000,8516
20181031,7.4,0,55.4,33000,8516
20181101,8.4,0,53.4,33000,6480
20181102,10.6,0,54.9,33000,6480
20181103,11.2,0,56,33000,6480
20181104,11.6,0,55,30000,6480
20181105,11.9,0,65.5,30000,6480
20181106,12.2,0,70.5,30000,6480
20181107,12.8,2,79.5,30000,6270
20181108,11.8,64,93.8,30000,6427
20181109,12.1,1,69,30000,6427
20181110,11.9,0,69.1,30000,6427
20181111,8.1,0,67.6,32000,5610
20181112,8.1,0,52.3,32000,5610
20181113,8.8,0,51.6,32000,5523
20181114,9.8,0,55.5,32000,5523
20181115,9.7,0,55.4,32000,5373
20181116,8.8,0,65.1,32000,5373
20181117,4.9,0,50.8,32000,5373
20181118,6.1,0,48.8,32000,5256
20181119,6.5,0,50.4,32000,5256
20181120,6.5,0.2,39.9,32000,5256
20181121,5.8,1,57.1,32000,5256
20181122,2.3,0,35,32000,5350
20181123,1.9,0,29.6,32000,5350
20181124,2.6,10.9,71.1,32000,5350
20181125,4.8,0,77.8,30000,5350
20181126,6.3,0,70.1,30000,5350
20181127,7.1,0,65,30000,5214
20181128,5,0,27.1,32000,5214
20181129,3.5,0,41.4,32000,5143
20181130,2.7,0,46.1,32000,5143
20181201,5.5,0,42.3,32000,5143
20181202,8.2,0,50.1,32000,5291
20181203,11.5,9.5,87.4,32000,5291
20181204,6.7,5,74.9,32000,5291
20181205,0,0,39.5,30000,5006
20181206,2.4,0,50.5,32000,5006
20181207,-7.3,0,37.1,32000,5006
20181208,-8.3,0,37.1,32000,5006
20181209,-7.2,0,27,32000,5006
20181210,-2.5,0,33.3,32000,5006
20181211,0.2,0,44.8,32000,5006
20181212,-1.9,0,39,32000,5006
20181213,-2.2,1.3,57.4,25000,4761
20181214,-4.4,0,44.3,28000,4761
20181215,-2.4,0,46.8,28000,4761
20181216,0,0.3,63.8,28000,4761
20181217,1.6,0.3,60.1,28000,4761
20181218,2.6,0,56.3,28000,4761
20181219,4,0,53.4,26000,4761
20181220,3.4,0,45.5,28000,4831
20181221,5.6,0,40.1,30000,4831
20181222,6.9,0,48.9,30000,4831
20181223,2.4,0,43,30000,4831
20181224,-2.3,0,35.9,30000,4831
20181225,0.6,0,53.4,28000,4831
20181226,-1.5,0,40.8,28000,4831
20181227,-10.1,0,28.3,26000,4927
20181228,-10.5,0,33,26000,4927
20181229,-7.6,0,29,26000,4927
20181230,-6.8,0,35.9,25000,4927
20181231,-5.4,0,39.6,25000,4927
20190101,-5,0,49.5,25000,4927
20190102,-4.9,0,42.8,25000,4927
20190103,-3.5,0,38.8,28000,4784
20190104,-1.1,0,55.5,26000,4784
20190105,-2.8,0,40.3,26000,4784
20190106,-2.8,0,35,26000,4784
20190107,-1.9,0,46.4,26000,4784
20190108,-3.5,0,31,26000,4784
20190109,-4.7,0,28.8,26000,4784
20190110,-0.6,0,48.8,28000,4703
20190111,2.4,0,58.8,26000,4703
20190112,2.8,0,47.6,26000,4703
20190113,1.2,0,54.3,28000,4703
20190114,1.4,0,68.6,28000,4703
20190115,-1.7,0,58.8,28000,4703
20190116,-5.2,0,45.9,30000,4703
20190117,-0.3,0,45.8,28000,4703
20190118,0.6,0,44,30000,4703
20190119,3.6,0,59.8,30000,4703
20190120,-1.4,0,38.5,30000,4703
20190121,-1.2,0,57.8,30000,4703
20190122,1.7,0,62,30000,4615
20190123,2,0,48.9,26000,4615
20190124,0.1,0,34.9,28000,4833
20190125,-1.2,0,27.6,30000,4833
20190126,-2.5,0,30.9,30000,4833
20190127,-0.1,0,52.5,30000,4868
20190128,1.2,0,40.4,30000,4868
20190129,-0.2,0,35.5,30000,4699
20190130,1.8,0,54.6,32000,4699
20190131,-2,0,29,25000,4699
20190201,-2.1,0.3,47.6,30000,4699
20190202,1.4,0,60,30000,4699
20190203,3.3,16,92.9,30000,4699
20190204,-0.6,0,40.4,30000,4699
20190205,2.8,0,37.1,30000,4740
20190206,5.1,0,54.9,30000,4740
20190207,-2.1,0.5,45.5,30000,4740
20190208,-6.1,0,31.5,32000,4740
20190209,-5.4,0,30,32000,4740
20190210,-5,0,31.3,30000,4846
20190211,-3,0,34.9,30000,4846
20190212,-0.6,0,35.5,25000,4878
20190213,-2.1,0,26.6,25000,4836
20190214,-0.5,0,24.3,30000,4941
20190215,-0.8,2.2,72.8,32000,4741
20190216,-2.7,0.2,59,32000,4741
20190217,-1.8,0,47.4,34000,4741
20190218,0.9,0,43.5,34000,4741
20190219,1.4,4.6,80.8,30000,4741
20190220,1.7,0,67.8,32000,4741
20190221,2.4,0,59.4,30000,4910
20190222,4,0,56.1,32000,4836
20190223,6.8,0,41,32000,4836
20190224,6.3,0,45,32000,4836
20190225,4.7,0,55.8,32000,4836
20190226,5.2,0,32.8,32000,4836
20190227,7.8,0,31.3,32000,4836
20190228,6.6,0,39.5,32000,4836
20190301,6.6,0,42.3,32000,4836
20190302,7.8,0,37.6,32000,4745
20190303,9.4,0,36.4,32000,4745
20190304,9.9,0,46.1,32000,4745
20190305,8.4,0,66.3,32000,4808
20190306,8.4,0,55,32000,4808
20190307,7,0,51.1,28000,4711
20190308,6.1,0,39.4,32000,4711
20190309,7.2,0,31.8,32000,4711
20190310,10.1,0,26.4,34000,4711
20190311,6.6,0,61,34000,4711
20190312,3.9,0,55.1,32000,4711
20190313,3.5,0,38.5,34000,4711
20190314,5,0,45.3,34000,4606
20190315,5.5,3.5,72.8,35000,4544
20190316,4.3,0,69.9,35000,4544
20190317,6.3,0,55.4,38000,4544
20190318,7.1,0,43.8,38000,4544
20190319,10,0,52,38000,4606
20190320,10.3,16.5,79,40000,4606
20190321,7.1,3.3,77.4,40000,4606
20190322,3.3,0,40.9,40000,4628
20190323,3.3,1.7,46.9,40000,4628
20190324,4.3,0,45.4,38000,4691
20190325,7.3,0,56.1,38000,4691
20190326,11.4,0,51.1,38000,4691
20190327,11.6,0,66.4,35000,4691
20190328,9.4,0,49.9,32000,5034
20190329,9.2,0,33.1,38000,4928
20190330,5.2,1.8,72,38000,4928
20190331,4.4,0,46,38000,4928
20190401,5.5,0,39.8,35000,4928
20190402,6.7,0,36.9,35000,4928
20190403,7.6,0,36.1,32000,4928
20190404,9.2,0,43,32000,4940
20190405,11.4,0,41,28000,4876
20190406,9.3,0.8,39.9,28000,4876
20190407,12.6,0,43.1,32000,4940
20190408,11.6,0,25.6,32000,4940
20190409,9.2,17.4,49.1,33000,4940
20190410,7.1,5.6,78.4,30000,4940
20190411,9.5,0,58,30000,4731
20190412,11.4,0,48.5,30000,4731
20190413,11.8,0,34,30000,4731
20190414,9.6,1.7,45.5,30000,4731
20190415,11.6,0,30.9,30000,4731
20190416,14.9,0,26.3,28000,4648
20190417,15.3,0,37.5,30000,4626
20190418,12.6,0,74.4,28000,4463
20190419,13.8,0,57.5,30000,4421
20190420,14.3,1.2,66.9,30000,4421
20190421,14.8,0.3,77.8,27000,4296
20190422,19.3,0,50.6,27000,4296
20190423,20.4,0,52,25000,4296
20190424,19.5,4.1,70.4,23000,4296
20190425,13.2,11.3,75.9,25000,4324
20190426,8.4,4.9,82.1,23000,4388
20190427,11.6,0,52.6,23000,4388
20190428,12.9,0,48.8,20000,4359
20190429,13,0,52.9,20000,4359
20190430,15.5,0,52.8,20000,4255
20190501,16.4,0,48.9,20000,4255
20190502,17.1,0,28.5,20000,3875
20190503,17.9,0,37.5,20000,3875
20190504,19.5,0,40.4,20000,3875
20190505,19.2,0,35.8,22000,3875
20190506,14.5,0,27.1,22000,3875
20190507,15,0,33.4,22000,3798
20190508,15.6,0,48.3,20000,3798
20190509,16.6,0,43.3,20000,3704
20190510,17.8,0,48,23000,3713
20190511,20.3,0,39,23000,3713
20190512,21.6,0,36,20000,3485
20190513,18.7,0,43.4,20000,3485
20190514,19.6,0,44.5,18000,3485
20190515,20.7,0,48.1,18000,3485
20190516,23.5,0,43.8,22000,3288
20190517,23.6,0,44.9,18000,3288
20190518,22.8,0,46.8,18000,3288
20190519,19.4,22,93,18000,3288
20190520,16.4,8.7,63.6,18000,3288
20190521,17.2,0,52,17000,3288
20190522,19.5,0,46,18000,3288
20190523,22.1,0,45,16000,3308
20190524,24.2,0,46.4,16000,3308
20190525,23.4,0,45.6,16000,3308
20190526,24.5,0,39,16000,3214
20190527,17.8,7.1,80.9,16000,3214
20190528,18.1,0,45.9,18000,3214
20190529,20.3,0,48.4,16000,3214
20190530,19.6,0,48,16000,3183
20190531,19.1,0,49.6,17000,3183
20190601,18.9,0,60.5,17000,3183
20190602,21.1,0,42.1,16000,3183
20190603,23.1,0,42.9,16000,3183
20190604,22.6,0,56.4,16000,3183
20190605,23,0,63.8,17000,3183
20190606,21.2,7.5,75.9,17000,3136
20190607,20,35.3,77.3,17000,3136
20190608,21.9,0,57.5,17000,3136
20190609,21.6,2.5,66.1,17000,3136
20190610,18.4,9.5,70.3,17000,3136
20190611,20.5,0,51.1,17000,3136
20190612,21.5,0,57.1,17000,3350
20190613,23,0,51.9,16000,3216
20190614,23,0,54.8,16000,3251
20190615,21.9,2.1,61.5,16000,3251
20190616,22,0,55.4,16000,3236
20190617,21.7,0,59.1,16000,3236
20190618,20.8,13.8,78.6,16000,3236
20190619,21.4,0.2,77.8,15000,3215
20190620,22.7,0,70.6,15000,3380
20190621,22.1,0.2,72.9,15000,3359
20190622,24.2,0,42.3,15000,3359
20190623,25,0,40.4,14000,3254
20190624,25.2,0,46.9,14000,3254
20190625,25.6,0,49.1,13000,3254
20190626,25.5,0,52.6,13000,3238
20190627,25.5,1.4,70.5,14000,3175
20190628,24.7,0,67.3,14000,3206
20190629,23.1,1.5,72,14000,3206
20190630,23.9,0,73.5,14000,3206
20190701,23.9,0,64.4,14000,3269
20190702,24.4,0,63.5,14000,3269
20190703,24.1,0,64.6,14000,3206
20190704,25.4,0,59.6,14000,2925
20190705,27.6,0,42.1,16000,2925
20190706,29.7,0,40.9,16000,2925
20190707,26.7,0,43.3,16000,2904
20190708,25.1,0,46.6,16000,2904
20190709,25,0,46.4,16000,2904
20190710,22.7,8.5,64.1,16000,2904
20190711,21.9,2.9,76.9,17000,2904
20190712,23.6,0,65.5,17000,2923
20190713,24.9,0,67.3,17000,2923
20190714,25.9,0,64.6,17000,2923
20190715,23.8,7.7,80,17000,2923
20190716,24.7,6.3,79,18000,2923
20190717,25.6,0.7,73.9,18000,2923
20190718,26.9,0,65,20000,3048
20190719,28.6,0,61.3,20000,3110
20190720,28,1.1,66.9,20000,3110
20190721,25.1,6.2,87.1,18000,3110
20190722,26.7,0.1,74.6,18000,3110
20190723,28.1,0,70.8,18000,3108
20190724,26.5,1,82.3,17000,3110
20190725,26.3,9.7,90.1,17000,3043
20190726,25.1,60,95.3,16000,3169
20190727,28.4,0.6,76.6,16000,3169
20190728,26.1,25.6,88.3,16000,3147
20190729,27.5,0.5,74.5,16000,3147
20190730,28.1,1.2,75.3,18000,3114
20190731,25.8,62.3,91.1,18000,3114
20190801,26.3,26.9,86.4,16000,3183
20190802,28.4,0,74.6,16000,3183
20190803,29.4,3,69,16000,3183
20190804,28.3,8.6,75.9,16000,3183
20190805,30.5,0,65.5,16000,3183
20190806,31.6,0,51.4,18000,3183
20190807,26.9,8,78.1,20000,3183
20190808,28.9,0,71.4,24000,3111
20190809,29.8,0,69,22000,3076
20190810,31.5,0,57.9,22000,3076
20190811,30.4,6.7,53.6,22000,3076
20190812,26.6,56.2,91.8,22000,3076
20190813,29.2,6.4,76.9,22000,3076
20190814,30.4,0,63.9,23000,3147
20190815,25.9,16.2,82,23000,3147
20190816,25.9,0.1,74.5,23000,3004
20190817,25.9,0,69.5,23000,3004
20190818,25.6,0,66.5,22000,3039
20190819,26.3,0,60.6,22000,3039
20190820,28.2,0,56.3,22000,3045
20190821,27,1.3,67.3,22000,3063
20190822,26.9,0,66.5,22000,3254
20190823,26.2,0,58.4,23000,3254
20190824,24.1,0,60.9,23000,3254
20190825,25,0,66.6,23000,3310
20190826,26.4,0,63.8,23000,3310
20190827,25.7,20,71.1,23000,3417
20190828,26.1,0,66.2,24000,3417
20190829,23.4,36.9,77.1,25000,3489
20190830,22.6,0.2,66.3,27000,3489
20190831,23.5,0,65,27000,3489
20190901,23.7,0,64,23000,3489
20190902,24.4,0,56.6,23000,3489
20190903,24.1,0,67.6,25000,3489
20190904,22.8,22.7,89,25000,3489
20190905,23,36.4,91.4,30000,3740
20190906,25.3,2.4,79.8,32000,3740
20190907,25.7,2.8,72.9,32000,3740
20190908,24.7,0,76.9,30000,3833
20190909,25.1,0,74.3,30000,3833
20190910,23.8,63.2,93.4,33000,3766
20190911,24.3,7.6,71.4,27000,3766
20190912,21,3.9,72.3,27000,3766
20190913,23.3,0.1,60.4,20000,3766
20190914,22.4,0.3,80,20000,4079
20190915,24.2,0,70.4,20000,4079
20190916,24.5,0,53,20000,4079
20190917,23.5,0,41.6,18000,4043
20190918,21,0,46,18000,4133
20190919,19.5,0,46.5,20000,3832
20190920,19.6,0,52.8,25000,3832
20190921,19.6,0,60.3,25000,3832
20190922,18.6,0.4,63.4,30000,3832
20190923,20,0,51.1,30000,3832
20190924,19.8,0,61.3,32000,3693
20190925,20.9,0,64.4,35000,3693
20190926,22.9,0,59.3,37000,3845
20190927,22.9,0,57.5,40000,3973
20190928,23.7,0,58.9,40000,3973
20190929,22.6,0,60.6,37000,4263
20190930,22.4,0,61,37000,4263
20191001,23.1,0,67.1,40000,4417
20191002,21.6,23.1,88,35000,4417
20191003,22.4,4.6,73.4,35000,4417
20191004,22.4,0,71.5,38000,5410
20191005,18.7,0.6,72.6,38000,5410
20191006,18.1,0,53.4,35000,6065
20191007,14.8,25.4,92,35000,6065
20191008,14.7,0,58.8,32000,6169
20191009,13.6,0,48.3,32000,6169
20191010,15.2,0,60.9,28000,7191
20191011,18.8,0,60,26000,6774
20191012,17.9,0,49.3,26000,6774
20191013,17.2,0,52.6,26000,6774
20191014,14.4,0,56.9,26000,6774
20191015,14.5,0,55.6,24000,6774
20191016,14.6,0,58.3,25000,6294
20191017,15.4,0,56,24000,5847
20191018,17,0,58.3,27000,5203
20191019,17,0,63.8,27000,5203
20191020,16.5,0,70.3,27000,5203
20191021,17.1,0,61,27000,5203
20191022,18.1,0,56.1,26000,5203
20191023,17,0,57.3,26000,5131
20191024,18.3,0,47.6,28000,5037
20191025,16.7,0,58,28000,5037
20191026,10,0,60,28000,5037
20191027,11,0,59,28000,5033
20191028,12.9,1.7,65.9,28000,5033
20191029,12.5,0.1,61,28000,4841
20191030,11.2,0,60.3,28000,4841
20191031,14.8,0,73.8,30000,4744
20191101,14.9,0,57.9,33000,4697
20191102,13.6,0,57.3,33000,4697
20191103,14.7,0,57.8,35000,4791
20191104,13.8,0,57.8,35000,4791
20191105,12.4,0,65.1,38000,4791
20191106,11,0,63.6,38000,4791
20191107,9.2,0,42.8,38000,4791
20191108,6.8,0,31.4,38000,4791
20191109,9.5,0,41.4,38000,4791
20191110,10,11.8,59.6,35000,4851
20191111,11.2,1.1,71.6,35000,4851
20191112,9.3,0,63.6,33000,4851
20191113,7.2,7.5,72.3,35000,4851
20191114,1.3,0,30.6,35000,4770
20191115,5.6,18.8,87.4,33000,4734
20191116,6.8,0,81.3,33000,4734
20191117,8.3,21.1,79.4,33000,4734
20191118,4.6,14.7,59.8,33000,4734
20191119,0.2,0,48,35000,4734
20191120,0.5,0,35.5,30000,4784
20191121,4.2,0,37.4,32000,4903
20191122,9.7,0,34.1,32000,4903
20191123,12.1,0,52,32000,4903
20191124,9.8,3.8,74.6,33000,4914
20191125,1.9,0,62.1,33000,4914
20191126,6.6,0,64,33000,4900
20191127,3.1,0,50.8,28000,5160
20191128,3.5,0,52.4,30000,5150
